invoice_id,invoice_date,customer_id
1,9/26/2017,959
2,4/15/2018,370
3,6/2/2017,151
4,1/13/2016,858
5,8/9/2017,972
6,4/3/2016,155
7,11/2/2017,833
8,5/29/2018,887
9,12/12/2016,972
10,6/7/2017,490
11,5/4/2017,196
12,1/29/2016,868
13,5/2/2017,565
14,1/8/2016,274
15,3/15/2017,446
16,2/27/2016,144
17,6/22/2017,682
18,4/23/2017,857
19,2/5/2016,407
20,11/11/2016,854
21,11/18/2017,779
22,1/11/2018,618
23,1/15/2018,634
24,12/17/2017,961
25,6/26/2017,959
26,1/16/2018,172
27,2/28/2016,446
28,9/17/2016,672
29,5/4/2017,404
30,5/15/2017,109
31,7/22/2017,560
32,6/12/2016,77
33,10/18/2016,233
34,5/20/2016,944
35,5/24/2016,203
36,4/20/2018,245
37,10/4/2016,731
38,3/24/2016,66
39,11/8/2017,82
40,8/2/2016,993
41,4/13/2018,138
42,2/27/2018,768
43,4/11/2017,305
44,2/25/2018,402
45,8/13/2017,185
46,9/20/2016,784
47,7/5/2018,936
48,8/2/2016,678
49,8/11/2017,803
50,3/21/2018,449
51,11/21/2017,364
52,3/25/2017,235
53,12/16/2016,373
54,12/5/2017,464
55,9/25/2017,729
56,12/26/2017,845
57,8/12/2016,384
58,4/22/2018,113
59,5/20/2018,628
60,8/16/2016,425
61,1/16/2018,603
62,7/28/2017,810
63,5/15/2016,292
64,7/13/2017,690
65,6/15/2017,778
66,5/4/2018,845
67,1/1/2017,788
68,7/5/2016,807
69,7/29/2017,80
70,1/24/2016,485
71,10/14/2016,886
72,12/20/2017,12
73,9/11/2016,547
74,12/31/2017,855
75,7/10/2016,386
76,12/12/2017,552
77,4/18/2017,255
78,2/8/2016,423
79,11/18/2016,755
80,1/16/2017,209
81,3/15/2018,962
82,5/22/2017,610
83,3/22/2018,255
84,7/8/2016,704
85,11/9/2016,684
86,3/28/2016,673
87,12/21/2017,633
88,6/6/2018,72
89,4/27/2018,702
90,2/4/2018,607
91,5/5/2018,422
92,2/28/2016,86
93,11/9/2017,295
94,5/21/2016,9
95,8/4/2016,133
96,6/28/2018,116
97,3/24/2016,10
98,5/26/2016,665
99,6/18/2017,972
100,12/10/2017,73
101,4/30/2016,355
102,5/29/2017,150
103,5/27/2017,11
104,4/29/2018,172
105,1/28/2016,357
106,4/13/2017,719
107,1/22/2017,78
108,11/22/2016,219
109,10/14/2017,410
110,3/6/2016,570
111,9/1/2017,860
112,3/16/2016,962
113,9/29/2016,912
114,1/10/2017,82
115,3/19/2016,973
116,5/10/2017,327
117,6/16/2016,503
118,8/21/2016,878
119,3/6/2017,253
120,5/5/2016,581
121,10/6/2017,710
122,7/20/2016,68
123,8/29/2017,380
124,10/28/2017,74
125,11/23/2017,149
126,8/16/2017,864
127,4/22/2018,591
128,6/19/2017,161
129,4/13/2018,956
130,4/4/2017,182
131,9/19/2017,611
132,5/4/2017,27
133,9/17/2016,703
134,10/10/2016,388
135,12/6/2016,212
136,3/7/2017,955
137,3/6/2016,419
138,1/21/2016,347
139,11/16/2017,590
140,1/16/2018,772
141,1/27/2018,629
142,12/23/2016,295
143,11/20/2016,256
144,9/3/2016,861
145,4/21/2018,271
146,3/25/2017,486
147,7/25/2016,960
148,2/25/2016,378
149,1/22/2018,844
150,12/31/2017,191
151,11/3/2017,659
152,1/2/2016,452
153,9/15/2016,910
154,7/1/2016,971
155,6/18/2016,259
156,5/7/2018,694
157,1/20/2018,438
158,1/31/2018,641
159,4/15/2016,43
160,12/26/2017,307
161,3/21/2018,569
162,1/18/2016,724
163,8/18/2016,946
164,9/6/2017,787
165,9/21/2017,96
166,6/20/2017,533
167,2/3/2018,799
168,12/19/2016,772
169,6/2/2018,567
170,4/17/2016,670
171,5/11/2016,853
172,5/8/2018,767
173,9/30/2017,237
174,8/25/2016,344
175,7/4/2018,867
176,2/6/2017,447
177,5/21/2016,10
178,5/22/2018,897
179,6/30/2016,746
180,2/23/2018,122
181,11/27/2017,554
182,2/22/2016,454
183,4/26/2016,956
184,9/4/2016,599
185,6/20/2016,635
186,7/11/2016,944
187,11/23/2017,568
188,11/25/2017,877
189,4/22/2017,814
190,9/4/2016,451
191,10/11/2016,801
192,3/18/2017,763
193,8/15/2017,447
194,1/16/2017,824
195,11/26/2016,493
196,1/21/2017,44
197,6/23/2017,457
198,8/14/2016,353
199,1/25/2016,706
200,5/23/2016,945
201,2/17/2018,520
202,11/3/2016,565
203,5/23/2018,512
204,6/8/2017,124
205,2/3/2017,199
206,11/9/2016,110
207,2/13/2016,949
208,2/26/2017,35
209,8/21/2017,762
210,8/30/2016,698
211,1/6/2018,30
212,5/11/2017,477
213,3/12/2018,977
214,6/20/2018,485
215,10/21/2017,182
216,11/25/2016,387
217,1/23/2017,362
218,2/22/2016,534
219,8/24/2017,783
220,1/11/2017,768
221,10/8/2016,754
222,3/29/2018,795
223,9/26/2016,553
224,5/17/2018,668
225,8/22/2016,261
226,11/18/2016,117
227,2/8/2017,998
228,1/28/2018,679
229,9/27/2016,997
230,6/29/2016,343
231,3/18/2018,359
232,5/13/2018,402
233,7/24/2017,55
234,5/22/2016,429
235,6/14/2016,453
236,8/11/2017,738
237,1/26/2016,577
238,10/9/2016,772
239,1/6/2017,152
240,1/20/2017,612
241,12/9/2017,435
242,5/16/2017,347
243,3/12/2016,924
244,8/11/2016,974
245,1/20/2016,752
246,11/1/2016,806
247,1/6/2017,871
248,1/10/2017,81
249,2/22/2018,828
250,6/3/2017,77
251,2/15/2016,677
252,10/23/2017,402
253,4/3/2017,676
254,3/14/2018,260
255,8/29/2017,978
256,5/10/2018,160
257,11/15/2017,535
258,11/14/2016,747
259,2/23/2016,728
260,9/22/2017,464
261,7/13/2016,786
262,5/15/2016,396
263,5/29/2017,231
264,9/14/2017,981
265,8/28/2016,505
266,3/3/2017,613
267,12/14/2017,339
268,7/1/2016,771
269,11/11/2016,871
270,8/13/2016,400
271,2/24/2017,238
272,4/30/2018,163
273,1/8/2018,82
274,12/9/2017,709
275,6/19/2017,136
276,2/11/2018,515
277,6/23/2017,774
278,6/11/2017,890
279,12/15/2016,423
280,8/11/2017,158
281,6/7/2016,965
282,6/1/2018,800
283,12/23/2016,64
284,3/10/2017,247
285,1/26/2017,348
286,3/13/2016,627
287,7/30/2017,815
288,6/4/2017,160
289,9/7/2016,108
290,10/12/2017,173
291,2/7/2016,52
292,6/16/2017,312
293,10/18/2016,961
294,1/19/2018,100
295,5/5/2017,759
296,4/21/2018,723
297,5/31/2016,484
298,10/8/2017,346
299,5/25/2018,673
300,3/26/2017,698
301,11/3/2017,492
302,7/18/2018,173
303,6/6/2016,150
304,2/6/2018,49
305,1/7/2016,164
306,6/16/2017,836
307,1/26/2016,384
308,2/26/2016,232
309,8/1/2016,437
310,6/12/2016,128
311,7/21/2016,763
312,5/7/2016,873
313,3/24/2017,77
314,2/4/2017,210
315,11/3/2017,255
316,10/9/2017,334
317,5/5/2016,794
318,12/9/2016,132
319,2/4/2017,571
320,2/20/2018,688
321,8/20/2017,737
322,7/25/2016,970
323,6/27/2018,672
324,7/28/2016,137
325,2/22/2017,243
326,2/17/2018,235
327,9/23/2016,314
328,2/6/2017,309
329,4/20/2016,615
330,1/3/2018,216
331,4/26/2017,193
332,5/22/2017,319
333,7/2/2016,1
334,3/18/2017,680
335,1/17/2018,276
336,9/7/2016,98
337,12/23/2016,953
338,2/1/2018,437
339,1/24/2018,249
340,8/20/2016,82
341,1/27/2016,742
342,4/12/2016,894
343,6/23/2016,583
344,3/1/2018,305
345,5/14/2018,408
346,7/1/2016,285
347,2/1/2017,802
348,3/19/2017,2
349,2/28/2018,59
350,6/9/2016,322
351,2/27/2017,63
352,6/3/2016,638
353,3/12/2016,287
354,12/13/2017,261
355,4/23/2018,302
356,5/20/2017,823
357,8/20/2017,77
358,8/21/2016,427
359,6/5/2018,214
360,4/13/2016,768
361,8/11/2016,827
362,7/19/2018,465
363,8/23/2016,936
364,6/21/2017,410
365,11/27/2016,516
366,5/29/2016,468
367,5/28/2017,354
368,8/22/2016,460
369,2/20/2017,821
370,11/23/2016,968
371,1/11/2017,363
372,9/8/2016,989
373,7/27/2017,25
374,7/20/2018,599
375,5/12/2017,870
376,12/14/2016,732
377,5/22/2016,396
378,8/29/2017,471
379,8/16/2017,506
380,4/24/2016,262
381,11/2/2016,23
382,4/11/2018,719
383,1/19/2018,636
384,3/18/2016,824
385,6/1/2018,991
386,2/3/2017,672
387,4/9/2016,443
388,2/16/2016,507
389,10/26/2016,815
390,7/22/2016,250
391,1/13/2017,641
392,4/9/2017,961
393,12/4/2016,684
394,1/7/2016,122
395,4/20/2018,173
396,5/11/2016,844
397,3/24/2016,630
398,11/23/2017,346
399,8/5/2016,318
400,2/3/2017,499
401,12/8/2016,420
402,3/8/2016,743
403,7/21/2016,540
404,3/15/2018,489
405,8/4/2017,867
406,9/30/2016,737
407,4/15/2016,172
408,10/27/2017,78
409,6/9/2016,64
410,3/27/2018,256
411,5/1/2018,250
412,12/17/2017,882
413,2/24/2017,87
414,3/29/2017,278
415,5/21/2018,300
416,5/14/2017,248
417,2/17/2016,760
418,6/19/2017,504
419,11/21/2017,643
420,2/25/2017,864
421,11/26/2016,352
422,6/24/2018,691
423,1/23/2016,556
424,9/30/2016,812
425,5/13/2018,814
426,12/20/2017,77
427,3/3/2016,343
428,5/29/2016,802
429,1/7/2016,273
430,3/1/2018,247
431,11/30/2016,109
432,2/26/2017,832
433,8/9/2016,362
434,3/8/2017,800
435,3/30/2018,493
436,8/19/2016,724
437,3/9/2017,938
438,6/18/2016,260
439,7/22/2016,174
440,6/5/2016,68
441,11/14/2016,203
442,1/26/2017,262
443,5/25/2018,202
444,5/10/2016,166
445,6/21/2018,329
446,1/29/2016,427
447,12/22/2017,923
448,3/6/2017,778
449,6/2/2016,487
450,11/4/2016,294
451,3/26/2016,547
452,2/15/2017,339
453,3/8/2016,718
454,9/1/2017,742
455,12/27/2017,342
456,6/14/2017,606
457,5/24/2018,715
458,7/17/2018,385
459,11/18/2017,178
460,5/10/2018,736
461,2/15/2016,393
462,10/31/2017,462
463,1/26/2018,112
464,4/2/2018,370
465,1/6/2017,929
466,1/2/2016,957
467,4/26/2016,175
468,1/2/2017,187
469,10/31/2016,432
470,8/18/2016,253
471,2/5/2018,67
472,8/30/2016,444
473,7/11/2016,353
474,12/20/2017,708
475,8/31/2017,623
476,8/28/2016,843
477,6/19/2016,696
478,10/11/2016,51
479,3/2/2018,747
480,6/13/2018,784
481,10/5/2016,237
482,4/16/2018,9
483,1/25/2017,23
484,9/28/2017,606
485,9/29/2016,958
486,4/5/2018,11
487,6/18/2018,210
488,1/15/2018,59
489,2/5/2016,126
490,2/4/2016,815
491,12/1/2017,538
492,6/11/2016,148
493,5/19/2016,486
494,5/22/2016,938
495,2/26/2018,374
496,7/28/2016,497
497,6/28/2018,456
498,7/23/2017,99
499,1/24/2016,642
500,3/21/2017,458
501,6/21/2016,221
502,6/4/2018,921
503,9/27/2017,675
504,6/9/2017,183
505,11/20/2017,293
506,7/14/2016,70
507,10/22/2016,49
508,4/27/2016,356
509,5/30/2016,452
510,4/18/2017,292
511,10/1/2016,946
512,1/22/2018,223
513,8/5/2017,598
514,3/25/2017,20
515,10/10/2016,231
516,3/8/2016,842
517,5/13/2017,251
518,1/31/2016,9
519,1/28/2017,222
520,2/6/2017,1
521,11/21/2016,819
522,2/26/2017,618
523,11/2/2016,878
524,4/21/2018,606
525,7/12/2016,167
526,5/28/2017,306
527,7/27/2017,759
528,3/10/2016,39
529,1/30/2016,896
530,5/17/2016,346
531,4/29/2016,911
532,3/23/2016,486
533,5/3/2017,347
534,7/22/2017,651
535,2/7/2016,651
536,12/24/2017,790
537,8/14/2017,249
538,8/6/2017,159
539,9/2/2016,717
540,1/9/2017,783
541,2/19/2018,199
542,3/9/2018,644
543,4/30/2018,550
544,1/17/2017,433
545,1/2/2017,913
546,3/10/2016,148
547,3/22/2016,4
548,8/21/2017,874
549,8/29/2017,651
550,10/23/2017,573
551,9/19/2016,228
552,12/23/2017,718
553,12/9/2017,823
554,5/10/2018,515
555,10/17/2016,894
556,5/9/2017,770
557,7/26/2017,171
558,10/7/2016,292
559,7/13/2017,160
560,9/18/2016,951
561,3/14/2018,813
562,7/14/2018,216
563,9/20/2016,987
564,8/3/2016,685
565,2/12/2017,272
566,4/20/2018,283
567,8/31/2016,886
568,3/22/2017,542
569,6/28/2018,21
570,10/4/2017,718
571,1/11/2016,256
572,6/14/2018,126
573,3/9/2018,827
574,8/29/2016,209
575,7/28/2017,528
576,1/25/2017,424
577,8/12/2016,906
578,12/17/2016,92
579,11/13/2017,938
580,1/26/2017,691
581,12/7/2016,414
582,1/31/2018,678
583,10/27/2016,574
584,4/30/2018,164
585,7/6/2017,186
586,3/20/2018,98
587,4/9/2016,182
588,2/15/2016,364
589,3/14/2016,237
590,7/16/2017,398
591,5/28/2016,514
592,7/7/2016,975
593,7/2/2018,706
594,2/10/2016,389
595,9/22/2016,24
596,3/8/2018,370
597,2/5/2017,891
598,5/20/2017,18
599,2/19/2017,550
600,9/23/2017,755
601,2/19/2016,751
602,9/13/2016,845
603,6/12/2016,40
604,2/22/2017,418
605,7/15/2016,810
606,6/2/2016,586
607,1/2/2018,218
608,10/7/2016,883
609,10/6/2016,641
610,5/22/2018,995
611,7/10/2016,244
612,11/9/2016,736
613,2/12/2016,45
614,6/8/2016,136
615,7/15/2018,720
616,5/22/2017,558
617,10/11/2016,122
618,3/31/2016,154
619,8/18/2016,178
620,7/10/2018,110
621,2/19/2018,511
622,7/14/2018,894
623,5/27/2016,565
624,8/10/2017,915
625,12/8/2017,995
626,10/16/2017,361
627,12/3/2016,798
628,4/6/2017,514
629,1/24/2016,444
630,11/20/2016,877
631,1/11/2017,507
632,1/9/2018,252
633,5/14/2018,667
634,1/31/2017,215
635,8/7/2017,269
636,7/16/2016,480
637,4/21/2017,891
638,2/27/2017,526
639,4/15/2018,243
640,8/24/2017,6
641,4/15/2018,977
642,12/22/2016,984
643,10/1/2017,986
644,6/12/2016,237
645,3/22/2018,975
646,6/6/2018,663
647,6/6/2018,229
648,11/22/2016,996
649,2/26/2016,789
650,6/27/2018,285
651,2/22/2016,300
652,3/10/2018,284
653,8/23/2016,785
654,8/14/2017,682
655,3/19/2016,75
656,2/26/2017,80
657,5/30/2018,906
658,6/12/2018,114
659,4/15/2017,892
660,4/15/2018,739
661,4/19/2017,710
662,2/17/2016,815
663,4/14/2018,240
664,3/14/2016,914
665,6/28/2017,896
666,1/9/2018,370
667,3/2/2018,214
668,8/2/2016,545
669,1/29/2018,970
670,11/20/2017,373
671,12/7/2016,436
672,1/4/2018,880
673,4/8/2016,915
674,8/8/2016,785
675,3/21/2017,733
676,7/29/2016,372
677,11/29/2017,962
678,11/19/2016,727
679,5/11/2016,877
680,10/7/2016,741
681,5/6/2016,174
682,3/6/2016,6
683,1/8/2016,120
684,4/3/2018,633
685,7/10/2017,513
686,7/4/2016,492
687,6/6/2018,396
688,9/16/2017,359
689,12/22/2016,335
690,8/3/2016,805
691,6/19/2016,993
692,5/6/2018,616
693,4/6/2018,165
694,12/5/2016,435
695,6/5/2018,594
696,10/20/2016,827
697,4/4/2016,874
698,7/7/2017,615
699,6/7/2017,273
700,2/15/2018,604
701,12/7/2016,675
702,3/25/2016,724
703,3/25/2017,442
704,7/6/2016,2
705,3/2/2017,175
706,1/6/2016,68
707,1/3/2018,129
708,5/9/2017,137
709,2/28/2017,621
710,4/5/2018,574
711,6/23/2017,373
712,7/3/2017,713
713,2/8/2016,33
714,6/18/2018,641
715,3/6/2016,103
716,10/4/2017,823
717,7/19/2018,47
718,4/18/2017,359
719,10/21/2016,68
720,12/27/2016,500
721,10/13/2017,475
722,12/12/2016,809
723,3/22/2016,17
724,8/27/2016,385
725,5/21/2018,859
726,10/30/2016,281
727,5/26/2018,345
728,10/22/2017,369
729,10/21/2017,975
730,12/18/2017,376
731,1/20/2018,2
732,3/4/2017,169
733,6/26/2016,374
734,4/11/2018,840
735,10/20/2017,514
736,2/2/2016,760
737,5/29/2018,212
738,11/13/2016,762
739,5/20/2016,225
740,9/9/2017,628
741,1/15/2017,403
742,7/17/2018,378
743,7/1/2018,160
744,2/7/2017,714
745,11/26/2016,404
746,8/29/2017,565
747,8/26/2016,127
748,11/29/2017,113
749,12/30/2017,258
750,5/27/2017,965
751,12/30/2017,726
752,7/15/2018,149
753,1/19/2017,414
754,5/3/2018,549
755,3/9/2016,608
756,3/29/2017,61
757,2/4/2017,40
758,4/7/2017,973
759,11/12/2016,24
760,5/3/2016,703
761,6/25/2017,743
762,7/25/2017,689
763,6/19/2018,366
764,9/25/2017,261
765,7/9/2016,105
766,8/22/2017,846
767,2/5/2016,975
768,3/26/2016,561
769,1/2/2018,346
770,10/24/2016,339
771,1/26/2018,121
772,4/7/2017,330
773,3/15/2017,561
774,2/6/2017,170
775,3/30/2018,631
776,9/15/2016,355
777,8/22/2017,712
778,7/5/2017,221
779,1/7/2017,362
780,8/9/2016,991
781,3/24/2016,17
782,2/14/2016,150
783,1/20/2017,51
784,8/12/2016,334
785,6/19/2017,302
786,2/27/2018,507
787,2/24/2017,327
788,12/18/2016,10
789,6/7/2016,934
790,4/22/2017,931
791,2/23/2017,908
792,11/26/2017,632
793,8/16/2017,667
794,6/12/2018,96
795,10/13/2016,852
796,4/8/2018,424
797,8/26/2017,902
798,3/5/2018,460
799,7/1/2017,292
800,12/7/2016,927
801,4/13/2018,270
802,4/11/2017,354
803,5/30/2018,612
804,4/28/2018,811
805,11/21/2017,149
806,1/7/2017,131
807,7/3/2017,389
808,4/9/2017,607
809,10/5/2016,115
810,1/16/2017,862
811,2/15/2016,667
812,3/30/2018,225
813,10/3/2016,537
814,4/29/2016,749
815,3/16/2016,789
816,6/4/2016,832
817,6/1/2016,209
818,3/18/2018,644
819,5/5/2018,877
820,1/13/2018,980
821,12/18/2016,239
822,10/1/2016,134
823,2/4/2017,878
824,9/22/2016,18
825,6/13/2018,740
826,10/13/2017,795
827,3/15/2017,794
828,5/9/2016,492
829,2/10/2017,891
830,7/23/2017,775
831,6/9/2017,851
832,5/28/2017,804
833,2/8/2018,654
834,3/7/2017,197
835,3/16/2018,224
836,1/26/2018,439
837,6/30/2016,42
838,5/31/2018,392
839,12/15/2017,18
840,11/24/2016,608
841,12/1/2016,913
842,9/30/2016,374
843,12/24/2016,509
844,12/1/2017,155
845,11/22/2016,42
846,6/13/2018,738
847,1/10/2018,84
848,2/21/2018,578
849,5/2/2016,213
850,4/19/2017,322
851,3/6/2017,975
852,7/6/2017,266
853,12/18/2016,299
854,10/29/2017,854
855,2/2/2017,8
856,11/21/2017,572
857,9/7/2017,111
858,7/17/2017,533
859,10/22/2016,530
860,11/6/2017,147
861,6/5/2018,993
862,5/30/2017,244
863,8/14/2016,208
864,4/27/2017,2
865,4/4/2016,122
866,4/13/2017,514
867,3/19/2017,12
868,4/29/2017,471
869,11/6/2016,342
870,9/1/2016,100
871,7/27/2017,231
872,6/12/2018,247
873,8/23/2016,864
874,11/7/2016,837
875,12/17/2017,44
876,9/23/2017,948
877,1/20/2016,427
878,7/14/2018,397
879,12/27/2017,834
880,8/13/2017,972
881,7/8/2017,152
882,11/6/2016,246
883,8/21/2016,446
884,11/23/2017,395
885,5/29/2018,469
886,5/14/2017,773
887,2/22/2016,989
888,7/23/2017,798
889,4/2/2017,426
890,1/25/2017,415
891,8/7/2016,930
892,6/27/2016,666
893,9/29/2017,970
894,7/6/2018,352
895,3/8/2018,556
896,6/17/2016,790
897,6/16/2017,645
898,7/3/2016,997
899,11/13/2016,730
900,4/12/2016,478
901,4/10/2017,866
902,8/21/2016,339
903,5/10/2018,908
904,12/19/2016,849
905,6/16/2016,181
906,11/13/2016,102
907,4/24/2018,737
908,11/15/2016,576
909,12/1/2016,246
910,1/27/2016,702
911,7/19/2016,59
912,5/2/2018,102
913,3/9/2016,35
914,3/4/2016,821
915,3/16/2016,178
916,1/26/2018,30
917,4/10/2016,740
918,2/18/2018,191
919,1/6/2016,338
920,2/20/2018,410
921,6/25/2017,427
922,3/26/2016,757
923,7/7/2018,715
924,1/17/2017,126
925,2/29/2016,775
926,5/8/2017,11
927,5/9/2018,857
928,8/24/2017,513
929,5/11/2017,888
930,9/26/2016,207
931,3/22/2018,363
932,2/14/2017,74
933,5/4/2018,785
934,2/26/2017,83
935,11/9/2016,860
936,11/6/2017,163
937,4/7/2017,410
938,2/18/2017,338
939,6/1/2016,393
940,1/9/2016,252
941,1/27/2016,860
942,10/20/2016,831
943,2/7/2018,562
944,7/8/2017,2
945,2/16/2018,70
946,11/9/2016,549
947,4/28/2018,135
948,10/31/2016,823
949,2/25/2018,283
950,8/3/2016,223
951,10/16/2017,294
952,5/2/2017,160
953,7/5/2017,537
954,11/4/2016,225
955,7/20/2017,223
956,5/8/2018,275
957,12/2/2017,540
958,4/28/2017,223
959,10/26/2017,825
960,3/31/2017,994
961,2/28/2017,809
962,4/16/2017,899
963,5/6/2017,960
964,8/13/2017,825
965,11/30/2017,837
966,1/23/2017,222
967,8/12/2017,108
968,1/26/2016,973
969,2/8/2017,775
970,1/4/2016,476
971,5/5/2017,257
972,6/21/2017,430
973,6/13/2016,977
974,8/7/2017,56
975,5/26/2017,436
976,5/5/2017,374
977,1/25/2017,261
978,5/5/2017,931
979,9/21/2016,92
980,1/23/2017,292
981,10/31/2016,883
982,6/11/2017,425
983,2/13/2018,978
984,1/6/2017,124
985,1/23/2017,458
986,12/9/2016,941
987,2/15/2017,149
988,10/12/2017,585
989,6/22/2018,425
990,1/8/2018,360
991,4/27/2018,562
992,7/15/2016,361
993,1/6/2017,738
994,7/18/2017,855
995,3/31/2018,894
996,3/10/2018,747
997,4/11/2017,625
998,10/3/2017,454
999,9/11/2017,326
1000,12/3/2017,86
1001,6/22/2014,32
1002,1/18/2015,78
1003,5/25/2015,42
1004,6/20/2014,80
1005,1/25/2014,53
1006,9/19/2015,75
1007,11/21/2014,92
1008,2/12/2014,16
1009,2/26/2015,58
1010,5/21/2015,75
1011,9/12/2015,47
1012,5/29/2015,65
1013,5/27/2014,15
1014,5/24/2015,21
1015,6/29/2014,20
1016,1/25/2015,49
1017,12/5/2015,7
1018,5/27/2014,74
1019,4/4/2015,69
1020,7/8/2014,63
1021,1/4/2015,10
1022,10/9/2015,35
1023,12/11/2015,88
1024,11/2/2015,64
1025,12/20/2015,94
1026,9/3/2015,25
1027,9/3/2015,50
1028,12/3/2014,41
1029,10/28/2015,81
1030,11/12/2015,32
1031,1/21/2015,28
1032,5/3/2014,94
1033,8/8/2015,90
1034,7/3/2014,51
1035,12/17/2014,53
1036,4/1/2014,34
1037,1/5/2014,9
1038,6/20/2014,41
1039,2/26/2014,1
1040,1/21/2015,9
1041,9/11/2014,46
1042,9/3/2014,46
1043,12/25/2015,32
1044,6/8/2014,38
1045,7/1/2014,55
1046,2/28/2015,67
1047,3/23/2015,1
1048,12/26/2014,92
1049,7/21/2014,79
1050,12/7/2015,90
1051,12/16/2015,37
1052,7/1/2015,45
1053,12/9/2015,93
1054,8/23/2015,44
1055,2/19/2015,18
1056,3/19/2014,87
1057,5/15/2014,76
1058,3/21/2015,19
1059,9/5/2015,30
1060,8/7/2015,15
1061,9/12/2014,38
1062,5/18/2014,39
1063,2/4/2015,70
1064,4/12/2014,49
1065,11/29/2014,46
1066,6/17/2014,16
1067,1/21/2015,98
1068,5/3/2015,20
1069,12/1/2014,42
1070,8/16/2015,62
1071,8/10/2014,100
1072,12/4/2015,8
1073,7/10/2014,93
1074,12/3/2015,1
1075,4/9/2014,5
1076,10/17/2014,96
1077,9/13/2015,75
1078,12/15/2015,35
1079,12/21/2015,40
1080,10/26/2014,18
1081,5/12/2015,31
1082,10/21/2015,69
1083,3/9/2015,6
1084,6/12/2015,18
1085,9/14/2014,67
1086,7/19/2014,77
1087,4/26/2014,18
1088,6/3/2014,6
1089,3/24/2015,54
1090,10/10/2015,87
1091,4/5/2014,99
1092,12/6/2014,15
1093,12/27/2014,82
1094,8/17/2014,23
1095,2/23/2015,67
1096,10/21/2015,15
1097,6/6/2015,64
1098,7/23/2014,44
1099,7/11/2015,58
1100,9/8/2015,2
1101,5/13/2014,89
1102,3/7/2015,16
1103,3/21/2014,14
1104,2/19/2015,39
1105,9/25/2015,38
1106,8/23/2015,50
1107,9/2/2015,80
1108,12/24/2014,81
1109,3/17/2015,27
1110,10/26/2014,39
1111,11/1/2015,50
1112,11/24/2015,93
1113,4/27/2015,38
1114,2/21/2014,53
1115,2/25/2014,1
1116,2/18/2015,14
1117,5/29/2014,62
1118,8/28/2015,78
1119,12/21/2015,62
1120,10/1/2015,47
1121,9/2/2014,1
1122,2/27/2014,52
1123,11/20/2014,90
1124,11/8/2015,49
1125,7/21/2014,41
1126,5/24/2014,26
1127,5/22/2015,22
1128,10/19/2015,76
1129,10/15/2015,19
1130,7/28/2014,96
1131,5/19/2015,63
1132,11/7/2015,81
1133,3/20/2015,27
1134,2/6/2014,53
1135,3/24/2014,64
1136,5/17/2014,82
1137,12/22/2014,7
1138,7/13/2014,34
1139,10/1/2015,6
1140,10/10/2014,86
1141,8/24/2015,58
1142,1/10/2014,71
1143,11/27/2014,76
1144,3/29/2015,100
1145,12/10/2014,10
1146,8/11/2015,40
1147,7/5/2015,15
1148,11/20/2015,84
1149,9/2/2015,44
1150,7/1/2015,17
1151,4/4/2014,93
1152,8/22/2015,9
1153,7/16/2014,59
1154,11/3/2014,59
1155,11/13/2014,62
1156,8/1/2014,46
1157,5/10/2014,20
1158,5/28/2015,66
1159,10/7/2014,87
1160,2/15/2015,9
1161,11/22/2015,12
1162,11/20/2014,96
1163,4/12/2015,46
1164,10/24/2015,41
1165,1/25/2014,12
1166,10/27/2015,49
1167,12/16/2014,12
1168,1/24/2014,80
1169,5/29/2015,45
1170,8/8/2015,64
1171,6/10/2014,70
1172,1/30/2014,94
1173,1/8/2015,20
1174,6/1/2015,44
1175,10/26/2014,65
1176,6/29/2014,2
1177,4/17/2015,34
1178,6/28/2014,17
1179,7/29/2015,70
1180,3/8/2015,43
1181,3/9/2015,37
1182,4/13/2014,36
1183,12/3/2015,64
1184,9/4/2015,17
1185,10/21/2015,48
1186,5/7/2014,17
1187,11/24/2015,86
1188,4/8/2015,44
1189,2/22/2014,87
1190,2/6/2014,74
1191,8/12/2015,80
1192,12/19/2014,26
1193,9/20/2015,5
1194,10/18/2015,6
1195,10/1/2015,73
1196,11/16/2015,11
1197,7/2/2015,60
1198,3/25/2015,35
1199,9/25/2015,14
1200,4/16/2015,50
1201,5/4/2015,29
1202,11/14/2014,68
1203,7/15/2015,40
1204,2/13/2014,68
1205,9/12/2014,90
1206,12/24/2015,87
1207,8/14/2014,71
1208,3/21/2014,55
1209,5/10/2014,96
1210,12/17/2014,28
1211,2/23/2015,17
1212,3/5/2015,37
1213,12/12/2015,64
1214,12/11/2014,49
1215,10/1/2015,44
1216,12/2/2015,38
1217,1/31/2014,47
1218,4/13/2015,80
1219,11/14/2014,6
1220,6/2/2015,37
1221,5/21/2014,81
1222,7/8/2015,42
1223,5/22/2015,64
1224,8/18/2015,44
1225,4/3/2014,88
1226,11/13/2015,82
1227,6/16/2014,94
1228,7/18/2015,70
1229,12/18/2015,10
1230,8/12/2014,89
1231,2/25/2015,71
1232,2/21/2015,52
1233,2/7/2015,37
1234,6/6/2015,23
1235,12/13/2015,85
1236,1/9/2014,22
1237,8/21/2015,79
1238,7/19/2014,78
1239,9/7/2014,88
1240,9/23/2015,90
1241,6/15/2015,100
1242,10/19/2015,8
1243,6/1/2015,67
1244,1/9/2014,4
1245,4/28/2015,61
1246,6/12/2015,44
1247,4/23/2015,6
1248,3/24/2015,79
1249,2/5/2014,9
1250,8/16/2015,50
1251,7/16/2014,23
1252,9/6/2015,34
1253,1/29/2014,99
1254,7/30/2014,28
1255,7/21/2015,73
1256,2/15/2014,59
1257,8/31/2015,15
1258,7/4/2015,90
1259,11/11/2014,64
1260,9/27/2014,21
1261,1/28/2014,100
1262,4/20/2014,42
1263,8/9/2014,91
1264,4/27/2014,66
1265,11/15/2015,59
1266,7/13/2015,84
1267,8/28/2015,17
1268,11/13/2014,44
1269,9/19/2015,30
1270,4/27/2015,14
1271,11/16/2014,68
1272,7/23/2014,32
1273,1/22/2014,55
1274,6/19/2014,34
1275,9/13/2014,95
1276,7/27/2014,3
1277,1/22/2015,19
1278,9/23/2014,94
1279,6/7/2014,57
1280,10/3/2014,57
1281,3/31/2014,86
1282,9/26/2015,40
1283,11/24/2014,25
1284,7/2/2014,86
1285,9/13/2015,14
1286,10/2/2014,81
1287,4/6/2015,47
1288,4/19/2015,96
1289,3/4/2015,26
1290,5/12/2014,14
1291,8/27/2014,90
1292,3/26/2014,68
1293,8/12/2014,62
1294,9/5/2015,12
1295,5/17/2015,45
1296,5/10/2015,69
1297,12/27/2015,30
1298,3/29/2015,89
1299,4/6/2014,63
1300,8/8/2015,13
1301,2/4/2015,62
1302,5/8/2015,43
1303,8/27/2015,60
1304,9/20/2015,58
1305,5/13/2014,61
1306,5/13/2015,58
1307,8/15/2014,32
1308,7/19/2015,83
1309,2/14/2014,69
1310,3/4/2014,91
1311,6/19/2015,7
1312,1/8/2014,97
1313,12/8/2015,45
1314,8/26/2015,16
1315,12/3/2014,6
1316,1/27/2015,40
1317,6/18/2015,22
1318,3/31/2015,58
1319,10/10/2014,75
1320,1/11/2014,80
1321,2/19/2015,50
1322,12/14/2014,62
1323,5/9/2014,49
1324,7/11/2014,78
1325,7/3/2014,75
1326,3/23/2015,39
1327,5/12/2014,62
1328,11/28/2015,45
1329,9/26/2014,5
1330,5/16/2014,93
1331,11/27/2015,86
1332,6/22/2015,71
1333,3/8/2015,47
1334,12/23/2014,43
1335,1/4/2014,73
1336,5/14/2015,86
1337,8/25/2015,41
1338,8/9/2015,95
1339,7/21/2014,85
1340,12/18/2015,59
1341,12/31/2014,58
1342,5/14/2014,100
1343,12/27/2015,38
1344,6/6/2014,34
1345,2/12/2015,4
1346,11/8/2014,62
1347,10/28/2015,54
1348,10/14/2014,78
1349,6/24/2014,96
1350,9/29/2014,63
1351,3/18/2014,64
1352,12/25/2014,30
1353,10/30/2015,23
1354,11/29/2015,61
1355,11/28/2015,13
1356,8/12/2014,61
1357,11/20/2015,67
1358,12/18/2014,28
1359,8/24/2015,90
1360,10/2/2015,76
1361,10/26/2015,65
1362,11/19/2015,48
1363,6/28/2015,55
1364,12/27/2015,26
1365,7/23/2015,98
1366,6/22/2014,81
1367,8/26/2015,15
1368,8/4/2014,95
1369,3/22/2015,91
1370,9/28/2015,75
1371,6/19/2015,14
1372,12/1/2014,49
1373,11/15/2015,66
1374,1/19/2015,6
1375,5/15/2014,43
1376,3/1/2014,79
1377,8/17/2015,90
1378,10/15/2015,99
1379,5/3/2014,32
1380,7/2/2015,97
1381,12/7/2015,80
1382,12/15/2015,49
1383,6/6/2014,12
1384,3/21/2014,46
1385,10/19/2014,41
1386,2/12/2014,63
1387,2/8/2014,81
1388,11/12/2015,34
1389,2/14/2014,46
1390,4/14/2014,37
1391,1/15/2014,29
1392,6/9/2015,57
1393,3/5/2015,60
1394,9/19/2014,23
1395,5/29/2015,87
1396,8/19/2015,41
1397,7/23/2015,57
1398,9/13/2014,40
1399,4/8/2015,13
1400,2/21/2015,68
1401,3/25/2015,77
1402,1/22/2014,13
1403,1/29/2015,99
1404,2/19/2014,52
1405,6/19/2014,70
1406,6/22/2015,16
1407,7/4/2014,76
1408,3/10/2014,55
1409,10/23/2015,61
1410,7/15/2015,68
1411,12/22/2014,69
1412,8/4/2015,19
1413,5/3/2015,72
1414,6/14/2014,56
1415,5/22/2014,95
1416,12/23/2015,26
1417,7/20/2014,51
1418,3/18/2015,39
1419,7/21/2014,64
1420,3/20/2014,64
1421,6/7/2015,40
1422,5/7/2015,5
1423,11/18/2015,16
1424,10/6/2014,50
1425,1/22/2015,77
1426,7/3/2015,62
1427,8/5/2014,63
1428,3/3/2014,24
1429,10/5/2014,35
1430,2/19/2015,72
1431,9/19/2014,68
1432,7/24/2014,2
1433,7/12/2015,14
1434,12/22/2015,51
1435,3/8/2014,3
1436,11/2/2015,41
1437,12/30/2015,4
1438,1/30/2015,57
1439,8/29/2015,79
1440,9/12/2014,9
1441,10/13/2015,40
1442,3/4/2014,59
1443,6/6/2015,83
1444,3/29/2015,54
1445,7/19/2014,49
1446,2/25/2015,91
1447,1/6/2014,11
1448,8/17/2014,3
1449,2/13/2014,54
1450,6/29/2015,24
1451,2/13/2015,23
1452,11/12/2014,72
1453,7/14/2015,22
1454,10/29/2014,86
1455,10/29/2014,34
1456,4/15/2014,100
1457,6/18/2014,96
1458,8/6/2014,73
1459,4/6/2015,61
1460,5/12/2014,98
1461,5/30/2014,99
1462,11/3/2014,7
1463,3/18/2014,54
1464,12/22/2015,62
1465,10/27/2014,81
1466,9/1/2015,13
1467,3/27/2015,70
1468,9/2/2014,36
1469,8/23/2015,98
1470,2/16/2015,20
1471,7/17/2015,39
1472,9/1/2015,43
1473,7/30/2014,71
1474,3/10/2014,94
1475,7/1/2015,56
1476,9/17/2015,88
1477,11/15/2015,57
1478,3/21/2014,18
1479,10/14/2014,70
1480,2/1/2014,85
1481,5/21/2014,31
1482,3/5/2014,13
1483,11/9/2015,12
1484,1/19/2015,98
1485,11/5/2014,41
1486,5/15/2015,80
1487,9/23/2015,9
1488,2/22/2014,60
1489,6/3/2015,64
1490,12/7/2015,97
1491,7/10/2015,59
1492,5/29/2014,77
1493,8/24/2015,74
1494,1/12/2015,21
1495,7/8/2014,60
1496,9/10/2015,88
1497,3/20/2015,66
1498,1/14/2015,2
1499,10/29/2014,27
1500,1/17/2014,26
1501,3/26/2015,28
1502,4/15/2015,41
1503,3/14/2015,79
1504,6/29/2014,8
1505,11/27/2015,10
1506,5/4/2014,2
1507,4/30/2015,19
1508,10/21/2015,31
1509,6/24/2015,13
1510,9/18/2015,42
1511,4/21/2014,100
1512,8/22/2015,66
1513,2/10/2014,26
1514,7/31/2014,7
1515,8/11/2014,43
1516,9/27/2015,55
1517,5/22/2014,23
1518,1/24/2014,86
1519,9/16/2015,11
1520,6/19/2014,37
1521,7/21/2015,45
1522,10/25/2014,73
1523,7/17/2015,24
1524,1/30/2015,90
1525,10/2/2015,26
1526,4/2/2015,12
1527,1/20/2014,85
1528,6/15/2014,12
1529,12/31/2014,40
1530,4/24/2014,86
1531,4/20/2014,84
1532,5/1/2014,29
1533,11/11/2014,31
1534,11/19/2014,74
1535,10/15/2014,94
1536,9/29/2015,66
1537,4/23/2015,33
1538,12/24/2014,90
1539,7/1/2015,15
1540,5/18/2014,45
1541,1/5/2014,87
1542,6/14/2014,84
1543,10/11/2014,82
1544,7/7/2014,36
1545,9/21/2015,52
1546,4/10/2015,93
1547,3/18/2015,3
1548,4/5/2015,44
1549,8/7/2015,63
1550,3/7/2014,76
1551,8/14/2015,21
1552,3/25/2014,74
1553,3/16/2015,2
1554,6/9/2015,55
1555,4/4/2015,19
1556,11/27/2015,24
1557,6/24/2015,73
1558,6/13/2014,64
1559,3/13/2014,87
1560,5/29/2015,77
1561,12/29/2015,72
1562,4/28/2014,49
1563,12/17/2015,5
1564,5/16/2014,19
1565,6/18/2015,13
1566,9/20/2014,21
1567,5/7/2014,15
1568,4/22/2014,65
1569,3/29/2014,80
1570,7/26/2014,37
1571,5/15/2015,27
1572,9/7/2014,98
1573,9/27/2014,29
1574,11/16/2014,56
1575,6/1/2014,57
1576,4/25/2014,39
1577,4/29/2015,51
1578,1/28/2014,16
1579,3/11/2014,44
1580,12/5/2014,14
1581,10/27/2015,48
1582,9/6/2015,57
1583,10/13/2015,86
1584,2/26/2014,62
1585,1/19/2015,41
1586,5/10/2014,3
1587,3/15/2014,84
1588,6/23/2014,38
1589,3/11/2015,36
1590,8/5/2015,27
1591,12/22/2014,23
1592,5/23/2014,29
1593,2/19/2014,64
1594,12/10/2014,43
1595,7/18/2014,21
1596,1/11/2014,51
1597,8/19/2015,83
1598,8/19/2015,88
1599,9/22/2015,93
1600,9/8/2014,99
1601,4/21/2015,54
1602,8/12/2014,79
1603,3/29/2014,70
1604,3/5/2014,10
1605,3/8/2015,85
1606,12/18/2015,97
1607,5/12/2014,6
1608,1/7/2015,88
1609,6/15/2015,74
1610,5/31/2015,76
1611,11/9/2014,30
1612,7/7/2014,80
1613,4/5/2015,2
1614,4/21/2015,81
1615,1/12/2015,3
1616,4/14/2014,53
1617,1/18/2015,91
1618,8/7/2015,38
1619,2/27/2014,74
1620,3/10/2015,4
1621,8/17/2014,12
1622,12/25/2015,13
1623,10/26/2015,69
1624,7/22/2015,85
1625,3/27/2014,83
1626,1/6/2014,98
1627,6/7/2014,69
1628,10/19/2014,26
1629,8/2/2015,63
1630,5/10/2014,63
1631,3/30/2014,70
1632,5/31/2015,6
1633,9/4/2015,76
1634,11/8/2015,27
1635,4/9/2014,85
1636,5/4/2015,48
1637,7/23/2015,90
1638,1/17/2014,24
1639,8/21/2015,52
1640,2/5/2014,76
1641,5/12/2015,51
1642,4/27/2014,60
1643,12/2/2014,26
1644,12/4/2015,36
1645,9/28/2014,84
1646,4/30/2015,43
1647,2/16/2014,73
1648,11/21/2015,79
1649,8/28/2015,76
1650,5/13/2015,12
1651,1/26/2015,98
1652,6/13/2015,76
1653,8/15/2014,79
1654,9/1/2014,41
1655,8/24/2015,41
1656,7/19/2015,27
1657,9/6/2015,73
1658,1/27/2014,47
1659,11/29/2014,58
1660,12/14/2014,10
1661,11/15/2015,77
1662,3/25/2015,62
1663,7/5/2014,15
1664,1/8/2015,100
1665,11/9/2015,27
1666,6/21/2015,34
1667,11/17/2015,76
1668,6/22/2015,12
1669,12/6/2015,87
1670,12/24/2015,15
1671,9/25/2015,3
1672,1/5/2015,62
1673,7/11/2015,72
1674,10/19/2015,84
1675,9/18/2015,22
1676,11/17/2014,99
1677,12/10/2014,53
1678,4/10/2015,90
1679,4/25/2015,38
1680,10/25/2014,2
1681,2/3/2015,49
1682,1/1/2015,46
1683,10/20/2015,30
1684,12/1/2015,29
1685,8/28/2014,34
1686,12/19/2015,51
1687,3/25/2014,12
1688,6/9/2015,99
1689,12/24/2015,47
1690,8/13/2015,19
1691,12/6/2014,65
1692,9/17/2014,58
1693,3/24/2014,89
1694,9/21/2014,1
1695,6/23/2015,96
1696,8/10/2015,26
1697,12/23/2014,74
1698,5/8/2015,97
1699,10/29/2015,3
1700,7/9/2014,75
1701,9/9/2015,55
1702,10/20/2015,87
1703,5/30/2014,60
1704,4/7/2014,47
1705,7/1/2014,78
1706,1/20/2014,95
1707,12/26/2014,29
1708,8/29/2015,61
1709,7/31/2015,44
1710,8/5/2014,19
1711,2/14/2014,65
1712,9/12/2014,21
1713,8/27/2014,10
1714,6/28/2014,71
1715,10/27/2014,29
1716,10/4/2014,9
1717,8/6/2015,12
1718,12/25/2014,83
1719,4/22/2015,52
1720,6/27/2014,10
1721,8/14/2015,59
1722,4/26/2014,35
1723,4/17/2014,96
1724,2/23/2015,59
1725,5/7/2015,59
1726,7/31/2014,60
1727,4/13/2015,89
1728,5/21/2014,79
1729,11/24/2014,28
1730,7/9/2015,95
1731,11/8/2014,96
1732,5/28/2014,35
1733,5/16/2015,60
1734,1/27/2014,53
1735,9/10/2014,90
1736,6/29/2015,14
1737,11/15/2015,1
1738,12/10/2015,79
1739,7/9/2014,70
1740,5/11/2015,44
1741,12/2/2015,87
1742,11/13/2014,52
1743,1/8/2014,43
1744,2/20/2014,28
1745,6/23/2015,77
1746,2/28/2014,86
1747,1/24/2014,80
1748,12/29/2014,90
1749,9/18/2014,29
1750,7/31/2014,63
1751,11/13/2015,97
1752,7/6/2014,92
1753,7/19/2015,89
1754,12/29/2015,53
1755,8/11/2015,3
1756,9/15/2015,33
1757,3/19/2015,52
1758,10/27/2015,96
1759,10/15/2015,20
1760,10/9/2015,81
1761,5/19/2014,29
1762,10/18/2014,75
1763,10/5/2014,30
1764,8/21/2015,64
1765,11/14/2014,68
1766,1/2/2014,90
1767,8/3/2015,70
1768,12/29/2014,3
1769,11/8/2014,27
1770,11/26/2015,3
1771,3/27/2015,59
1772,1/8/2015,64
1773,9/23/2014,38
1774,3/25/2015,26
1775,9/1/2014,86
1776,7/26/2014,24
1777,5/26/2015,1
1778,10/14/2015,98
1779,3/7/2014,6
1780,6/28/2015,25
1781,7/22/2014,18
1782,11/8/2015,1
1783,2/26/2015,58
1784,10/7/2014,31
1785,12/28/2014,61
1786,11/13/2014,24
1787,4/21/2014,58
1788,1/22/2014,13
1789,2/23/2014,9
1790,10/17/2014,38
1791,6/8/2014,23
1792,5/13/2014,79
1793,6/28/2014,69
1794,2/28/2015,94
1795,4/13/2014,1
1796,9/18/2015,34
1797,6/15/2015,62
1798,8/1/2014,68
1799,5/16/2014,44
1800,3/8/2014,36
1801,7/23/2014,83
1802,4/2/2015,74
1803,8/15/2014,78
1804,6/27/2014,21
1805,7/12/2014,64
1806,2/13/2014,15
1807,9/25/2015,90
1808,12/29/2015,37
1809,7/9/2014,44
1810,6/18/2015,13
1811,12/5/2014,3
1812,7/7/2014,68
1813,7/11/2014,97
1814,9/30/2014,87
1815,3/26/2014,3
1816,12/30/2015,80
1817,7/22/2015,51
1818,1/17/2015,69
1819,8/11/2014,28
1820,8/24/2015,96
1821,12/19/2014,82
1822,10/27/2014,10
1823,3/30/2014,77
1824,7/28/2015,13
1825,1/28/2015,30
1826,8/22/2015,53
1827,2/6/2015,18
1828,10/3/2015,78
1829,6/11/2014,47
1830,7/22/2015,49
1831,8/3/2014,59
1832,3/2/2015,97
1833,5/9/2014,87
1834,6/19/2015,38
1835,8/3/2015,94
1836,11/24/2015,65
1837,7/12/2014,92
1838,1/11/2015,33
1839,6/14/2015,83
1840,12/13/2014,26
1841,8/29/2014,16
1842,9/19/2014,33
1843,4/13/2014,54
1844,4/16/2014,8
1845,4/21/2014,30
1846,2/18/2014,45
1847,9/11/2015,4
1848,6/28/2015,84
1849,1/3/2015,74
1850,7/17/2015,20
1851,7/18/2015,45
1852,3/14/2015,67
1853,4/21/2015,49
1854,9/25/2014,5
1855,8/21/2015,83
1856,11/14/2014,24
1857,3/13/2014,18
1858,11/21/2015,33
1859,6/22/2015,82
1860,4/13/2015,59
1861,7/29/2015,100
1862,7/10/2015,87
1863,8/31/2014,26
1864,2/19/2014,68
1865,4/13/2015,33
1866,10/20/2014,24
1867,1/29/2015,60
1868,5/31/2015,70
1869,6/30/2014,75
1870,5/6/2015,91
1871,4/20/2015,35
1872,7/1/2014,86
1873,11/22/2015,90
1874,1/12/2015,38
1875,11/27/2015,75
1876,5/24/2015,28
1877,11/11/2014,10
1878,7/23/2014,95
1879,11/26/2014,44
1880,11/21/2014,38
1881,1/27/2015,10
1882,5/31/2015,62
1883,11/14/2015,38
1884,12/27/2014,89
1885,12/29/2015,56
1886,7/12/2015,68
1887,8/8/2014,32
1888,5/2/2014,94
1889,12/5/2015,66
1890,3/2/2014,68
1891,7/26/2015,23
1892,8/29/2015,3
1893,12/7/2014,88
1894,3/4/2015,71
1895,10/2/2015,64
1896,6/1/2015,14
1897,6/9/2015,13
1898,11/12/2014,11
1899,10/5/2014,2
1900,9/24/2014,83
1901,4/17/2014,71
1902,10/23/2015,70
1903,2/3/2015,59
1904,10/19/2014,21
1905,1/19/2015,76
1906,2/16/2014,68
1907,1/13/2014,56
1908,5/12/2015,2
1909,10/19/2015,45
1910,7/21/2015,32
1911,9/24/2014,65
1912,6/11/2015,52
1913,5/31/2014,61
1914,1/20/2014,91
1915,3/6/2014,32
1916,9/27/2015,23
1917,4/21/2014,27
1918,1/10/2015,49
1919,11/19/2015,4
1920,11/21/2014,29
1921,7/17/2014,21
1922,2/13/2015,79
1923,7/19/2014,11
1924,12/10/2015,11
1925,9/20/2015,15
1926,1/12/2014,90
1927,7/13/2015,80
1928,8/12/2014,60
1929,11/29/2014,2
1930,1/31/2015,71
1931,12/13/2015,62
1932,6/22/2015,12
1933,1/16/2014,92
1934,3/15/2014,45
1935,9/24/2014,38
1936,4/14/2014,3
1937,3/10/2014,55
1938,4/30/2014,38
1939,1/3/2014,3
1940,11/30/2014,49
1941,12/20/2015,98
1942,2/7/2014,3
1943,11/22/2014,18
1944,9/3/2015,68
1945,4/22/2014,72
1946,7/13/2014,91
1947,9/26/2015,6
1948,1/14/2015,11
1949,5/13/2014,92
1950,4/18/2015,72
1951,4/18/2014,5
1952,10/16/2015,84
1953,5/3/2015,99
1954,9/10/2015,41
1955,1/12/2014,17
1956,7/8/2014,33
1957,7/7/2015,59
1958,11/17/2014,85
1959,1/28/2014,58
1960,7/16/2015,11
1961,1/25/2015,66
1962,7/13/2014,40
1963,9/15/2014,81
1964,2/28/2015,48
1965,5/10/2014,90
1966,7/15/2015,67
1967,7/12/2014,51
1968,2/5/2015,8
1969,10/5/2014,84
1970,7/28/2014,67
1971,1/14/2014,23
1972,12/2/2015,34
1973,1/24/2015,59
1974,3/13/2014,93
1975,7/4/2015,65
1976,7/1/2015,38
1977,10/20/2014,77
1978,9/12/2015,71
1979,6/28/2015,69
1980,10/12/2015,29
1981,7/12/2015,30
1982,6/3/2014,27
1983,7/11/2015,70
1984,7/23/2014,77
1985,1/15/2014,1
1986,3/3/2015,39
1987,9/3/2014,7
1988,9/27/2015,40
1989,9/23/2015,64
1990,4/29/2015,97
1991,2/1/2015,28
1992,6/29/2015,87
1993,5/1/2015,89
1994,10/21/2014,86
1995,2/28/2015,61
1996,2/17/2015,72
1997,1/3/2015,82
1998,12/13/2015,67
1999,6/4/2015,77
2000,11/9/2015,45
